DateTime,Predicted_Renewable_Energy
2022-08-31 04:00:00,3071.0334
2022-08-31 04:05:00,3070.1523
2022-08-31 04:10:00,3075.6626
2022-08-31 04:15:00,3053.577
2022-08-31 04:20:00,3001.7937
2022-08-31 04:25:00,2987.4634
2022-08-31 04:30:00,2988.6274
2022-08-31 04:35:00,2994.1377
2022-08-31 04:40:00,2972.5776
2022-08-31 04:45:00,2972.6682
2022-08-31 04:50:00,2987.4634
2022-08-31 04:55:00,2972.5776
2022-08-31 05:00:00,2901.7434
2022-08-31 05:05:00,2900.67
2022-08-31 05:10:00,2907.2537
2022-08-31 05:15:00,2907.3442
2022-08-31 05:20:00,2880.2935
2022-08-31 05:25:00,2853.2397
2022-08-31 05:30:00,2842.19
2022-08-31 05:35:00,2849.2717
2022-08-31 05:40:00,2843.0376
2022-08-31 05:45:00,2822.9453
2022-08-31 05:50:00,2799.2483
2022-08-31 05:55:00,2784.585
2022-08-31 06:00:00,2774.0068
2022-08-31 06:05:00,2762.1543
2022-08-31 06:10:00,2755.5735
2022-08-31 06:15:00,2769.574
2022-08-31 06:20:00,2800.8367
2022-08-31 06:25:00,2777.9365
2022-08-31 06:30:00,2837.0684
2022-08-31 06:35:00,2890.9639
2022-08-31 06:40:00,3008.7642
2022-08-31 06:45:00,3161.8845
2022-08-31 06:50:00,3381.4946
2022-08-31 06:55:00,3723.6973
2022-08-31 07:00:00,4128.6973
2022-08-31 07:05:00,4513.995
2022-08-31 07:10:00,4947.176
2022-08-31 07:15:00,5424.209
2022-08-31 07:20:00,5881.9263
2022-08-31 07:25:00,6446.1567
2022-08-31 07:30:00,6855.9644
2022-08-31 07:35:00,7529.4097
2022-08-31 07:40:00,7859.6494
2022-08-31 07:45:00,8634.736
2022-08-31 07:50:00,9180.28
2022-08-31 07:55:00,9621.467
2022-08-31 08:00:00,10247.834
2022-08-31 08:05:00,10745.433
2022-08-31 08:10:00,11191.705
2022-08-31 08:15:00,11579.698
2022-08-31 08:20:00,12058.774
2022-08-31 08:25:00,12581.54
2022-08-31 08:30:00,12969.665
2022-08-31 08:35:00,13191.442
2022-08-31 08:40:00,13338.396
2022-08-31 08:45:00,13547.039
2022-08-31 08:50:00,13720.52
2022-08-31 08:55:00,13868.774
2022-08-31 09:00:00,13930.65
2022-08-31 09:05:00,14061.779
2022-08-31 09:10:00,14279.323
2022-08-31 09:15:00,14450.615
2022-08-31 09:20:00,14566.572
2022-08-31 09:25:00,14612.774
2022-08-31 09:30:00,14652.032
2022-08-31 09:35:00,14739.629
2022-08-31 09:40:00,14822.093
2022-08-31 09:45:00,14822.604
2022-08-31 09:50:00,14877.07
2022-08-31 09:55:00,14936.498
2022-08-31 10:00:00,14988.638
2022-08-31 10:05:00,14941.0205
2022-08-31 10:10:00,14970.719
2022-08-31 10:15:00,14958.399
2022-08-31 10:20:00,15007.556
2022-08-31 10:25:00,14995.029
2022-08-31 10:30:00,15035.305
2022-08-31 10:35:00,15030.074
2022-08-31 10:40:00,15025.804
2022-08-31 10:45:00,14971.817
2022-08-31 10:50:00,15063.804
2022-08-31 10:55:00,15147.693
2022-08-31 11:00:00,15196.102
2022-08-31 11:05:00,15266.363
2022-08-31 11:10:00,15270.033
2022-08-31 11:15:00,15253.225
2022-08-31 11:20:00,15324.692
2022-08-31 11:25:00,15282.966
2022-08-31 11:30:00,15279.485
2022-08-31 11:35:00,15348.283
2022-08-31 11:40:00,15264.485
2022-08-31 11:45:00,15369.511
2022-08-31 11:50:00,15423.883
2022-08-31 11:55:00,15452.777
2022-08-31 12:00:00,15492.349
2022-08-31 12:05:00,15460.296
2022-08-31 12:10:00,15462.319
2022-08-31 12:15:00,15447.339
2022-08-31 12:20:00,15401.753
2022-08-31 12:25:00,15401.578
2022-08-31 12:30:00,15402.07
2022-08-31 12:35:00,15327.22
2022-08-31 12:40:00,15402.997
2022-08-31 12:45:00,15402.234
2022-08-31 12:50:00,15401.684
2022-08-31 12:55:00,15405.834
2022-08-31 13:00:00,15405.379
2022-08-31 13:05:00,15434.598
2022-08-31 13:10:00,15403.053
2022-08-31 13:15:00,15242.19
2022-08-31 13:20:00,15185.271
2022-08-31 13:25:00,15183.077
2022-08-31 13:30:00,15184.941
2022-08-31 13:35:00,15099.606
2022-08-31 13:40:00,15174.551
2022-08-31 13:45:00,15179.968
2022-08-31 13:50:00,15180.1045
2022-08-31 13:55:00,15192.911
2022-08-31 14:00:00,15192.538
2022-08-31 14:05:00,15102.193
2022-08-31 14:10:00,15111.475
2022-08-31 14:15:00,14995.191
2022-08-31 14:20:00,15011.046
2022-08-31 14:25:00,15038.6455
2022-08-31 14:30:00,15025.186
2022-08-31 14:35:00,14976.92
2022-08-31 14:40:00,14927.905
2022-08-31 14:45:00,15031.734
2022-08-31 14:50:00,15076.238
2022-08-31 14:55:00,14885.567
2022-08-31 15:00:00,15064.603
2022-08-31 15:05:00,15149.138
2022-08-31 15:10:00,15240.13
2022-08-31 15:15:00,15238.673
2022-08-31 15:20:00,15229.637
2022-08-31 15:25:00,15228.688
2022-08-31 15:30:00,15253.836
2022-08-31 15:35:00,15263.375
2022-08-31 15:40:00,15367.739
2022-08-31 15:45:00,15317.455
2022-08-31 15:50:00,15180.373
2022-08-31 15:55:00,15067.191
2022-08-31 16:00:00,15026.987
2022-08-31 16:05:00,14844.972
2022-08-31 16:10:00,14968.311
2022-08-31 16:15:00,14961.814
2022-08-31 16:20:00,15017.799
2022-08-31 16:25:00,15081.744
2022-08-31 16:30:00,14965.163
2022-08-31 16:35:00,14912.678
2022-08-31 16:40:00,14736.83
2022-08-31 16:45:00,14546.515
2022-08-31 16:50:00,14490.367
2022-08-31 16:55:00,14204.245
2022-08-31 17:00:00,13920.426
2022-08-31 17:05:00,13796.763
2022-08-31 17:10:00,13560.267
2022-08-31 17:15:00,13324.751
2022-08-31 17:20:00,13127.245
2022-08-31 17:25:00,12864.552
2022-08-31 17:30:00,12470.41
2022-08-31 17:35:00,11826.574
2022-08-31 17:40:00,11388.456
2022-08-31 17:45:00,10995.403
2022-08-31 17:50:00,10709.41
2022-08-31 17:55:00,10097.101
2022-08-31 18:00:00,9522.201
2022-08-31 18:05:00,9243.505
2022-08-31 18:10:00,8521.308
2022-08-31 18:15:00,8214.417
2022-08-31 18:20:00,7616.1206
2022-08-31 18:25:00,7216.3247
2022-08-31 18:30:00,6750.5337
2022-08-31 18:35:00,6356.1064
2022-08-31 18:40:00,5834.871
2022-08-31 18:45:00,5437.5586
2022-08-31 18:50:00,5218.6367
2022-08-31 18:55:00,4985.6504
2022-08-31 19:00:00,4639.5537
2022-08-31 19:05:00,4626.8496
2022-08-31 19:10:00,4568.7646
2022-08-31 19:15:00,4413.2183
2022-08-31 19:20:00,4336.0947
2022-08-31 19:25:00,4282.1567
2022-08-31 19:30:00,4262.065
2022-08-31 19:35:00,4235.5083
2022-08-31 19:40:00,4256.653
2022-08-31 19:45:00,4233.033
2022-08-31 19:50:00,4221.541
2022-08-31 19:55:00,4230.3545
2022-08-31 20:00:00,4230.3545
2022-08-31 20:05:00,4225.659
2022-08-31 20:10:00,4159.8223
2022-08-31 20:15:00,4216.647
2022-08-31 20:20:00,4217.1577
2022-08-31 20:25:00,4233.4194
2022-08-31 20:30:00,4215.112
2022-08-31 20:35:00,4214.292
2022-08-31 20:40:00,4164.585
2022-08-31 20:45:00,4144.4194
2022-08-31 20:50:00,4144.4194
2022-08-31 20:55:00,4144.4194
2022-08-31 21:00:00,4165.405
2022-08-31 21:05:00,4216.6323
2022-08-31 21:10:00,4209.695
2022-08-31 21:15:00,4209.695
2022-08-31 21:20:00,4209.695
2022-08-31 21:25:00,4228.3364
2022-08-31 21:30:00,4211.3696
2022-08-31 21:35:00,4205.549
2022-08-31 21:40:00,4161.0127
2022-08-31 21:45:00,4163.7866
2022-08-31 21:50:00,4139.5005
2022-08-31 21:55:00,4124.8174
2022-08-31 22:00:00,4081.8076
2022-08-31 22:05:00,4068.3613
2022-08-31 22:10:00,4065.971
2022-08-31 22:15:00,4066.5144
2022-08-31 22:20:00,4070.5195
2022-08-31 22:25:00,4066.8696
2022-08-31 22:30:00,4023.5488
2022-08-31 22:35:00,3963.5527
2022-08-31 22:40:00,3894.035
2022-08-31 22:45:00,3883.0247
2022-08-31 22:50:00,3883.0247
2022-08-31 22:55:00,3882.4941
2022-08-31 23:00:00,3883.0247
2022-08-31 23:05:00,3931.6855
2022-08-31 23:10:00,3936.2878
2022-08-31 23:15:00,3975.489
2022-08-31 23:20:00,4016.0872
2022-08-31 23:25:00,3977.2893
2022-08-31 23:30:00,3979.9958
2022-08-31 23:35:00,3984.1665
2022-08-31 23:40:00,3985.564
2022-08-31 23:45:00,3980.117
2022-08-31 23:50:00,3932.199
2022-08-31 23:55:00,3911.4224
